[
  {
    "value": "Traumatologia",
    "synonyms": [
      "Traumatologia"
    ]
  },
  {
    "value": "Urologia",
    "synonyms": [
      "Urologia"
    ]
  },
  {
    "value": "Reumatologia",
    "synonyms": [
      "Reumatologia"
    ]
  },
  {
    "value": "Oftalmologia",
    "synonyms": [
      "Oftalmologia"
    ]
  },
  {
    "value": "Oncologia",
    "synonyms": [
      "Oncologia"
    ]
  },
  {
    "value": "Ginecologia",
    "synonyms": [
      "Ginecologia"
    ]
  },
  {
    "value": "Cardiologia",
    "synonyms": [
      "Cardiologia"
    ]
  },
  {
    "value": "Radiologia",
    "synonyms": [
      "Radiologia"
    ]
  },
  {
    "value": "Nutricion",
    "synonyms": [
      "Nutricion"
    ]
  },
  {
    "value": "Dermatologia",
    "synonyms": [
      "Dermatologia"
    ]
  },
  {
    "value": "Podologia",
    "synonyms": [
      "Podologia"
    ]
  }
]