[
  {
    "id": "f258790e-ab4c-4dea-9c66-cfb027eac37f",
    "data": [
      {
        "text": "no lo quiero",
        "userDefined": false
      }
    ],
    "isTemplate": false,
    "count": 0,
    "updated": 1497432756
  },
  {
    "id": "a48860fd-8428-42ba-b342-1a069de38eb5",
    "data": [
      {
        "text": "no estoy de acuerdo",
        "userDefined": false
      }
    ],
    "isTemplate": false,
    "count": 0,
    "updated": 1497432756
  },
  {
    "id": "58166817-c4e9-410c-ba98-8d90721839f8",
    "data": [
      {
        "text": "gracias pero no",
        "userDefined": false
      }
    ],
    "isTemplate": false,
    "count": 0,
    "updated": 1497432756
  },
  {
    "id": "cd6a4681-fbac-4c24-9347-8fb2bf694ae4",
    "data": [
      {
        "text": "no mucho",
        "userDefined": false
      }
    ],
    "isTemplate": false,
    "count": 0,
    "updated": 1497432756
  },
  {
    "id": "7077e1b5-f081-44ce-8ab5-4e84a04b7f21",
    "data": [
      {
        "text": "en absoluto",
        "userDefined": false
      }
    ],
    "isTemplate": false,
    "count": 0,
    "updated": 1497432756
  },
  {
    "id": "0af193b0-3252-41de-a357-c9e07cd11fff",
    "data": [
      {
        "text": "no hacerlo",
        "userDefined": false
      }
    ],
    "isTemplate": false,
    "count": 0,
    "updated": 1497432756
  },
  {
    "id": "ee638626-1c6f-4d03-9b4e-7502f0b70b68",
    "data": [
      {
        "text": "no",
        "userDefined": false
      }
    ],
    "isTemplate": false,
    "count": 1,
    "updated": 1497432756
  },
  {
    "id": "72732dac-1fba-4f55-b595-f153f45b7dfd",
    "data": [
      {
        "text": "no lo creo",
        "userDefined": false
      }
    ],
    "isTemplate": false,
    "count": 0,
    "updated": 1497432756
  },
  {
    "id": "a11bf10b-7e8a-4879-8b17-9ce94d94d711",
    "data": [
      {
        "text": "no me interesa",
        "userDefined": false
      }
    ],
    "isTemplate": false,
    "count": 0,
    "updated": 1497432756
  }
]