[
  {
    "id": "be6e2d37-8ea5-427b-ae6b-d03bdcf02478",
    "data": [
      {
        "text": "Que puedes hacer",
        "userDefined": false
      }
    ],
    "isTemplate": false,
    "count": 0,
    "updated": 1542461773
  },
  {
    "id": "2fa26783-ae6c-41da-abb1-20e7328d7fa4",
    "data": [
      {
        "text": "Que puedes hacer ?",
        "userDefined": false
      }
    ],
    "isTemplate": false,
    "count": 0,
    "updated": 1542461773
  },
  {
    "id": "990cd5e9-031f-47d6-b722-96077dbf9f47",
    "data": [
      {
        "text": "Ayuda",
        "userDefined": false
      }
    ],
    "isTemplate": false,
    "count": 0,
    "updated": 1542461684
  }
]