[
  {
    "id": "64da8329-11ac-4f30-947f-945a05c1eded",
    "data": [
      {
        "text": "dentro de 5 minutos",
        "alias": "date",
        "meta": "@sys.date",
        "userDefined": false
      }
    ],
    "isTemplate": false,
    "count": 0,
    "updated": 0
  },
  {
    "id": "d4835862-4244-45c3-b74c-1d3a08b04122",
    "data": [
      {
        "text": "DNI",
        "alias": "DNI",
        "meta": "@DNI",
        "userDefined": false
      },
      {
        "text": " ",
        "userDefined": false
      },
      {
        "text": "12345678A",
        "alias": "user_id",
        "meta": "@sys.any",
        "userDefined": true
      }
    ],
    "isTemplate": false,
    "count": 0,
    "updated": 1542471244
  },
  {
    "id": "6f1ef2ea-ad7c-4339-8d5b-7f0c6e65f68b",
    "data": [
      {
        "text": "fecha de nacimiento ",
        "userDefined": false
      },
      {
        "text": "el 23/03/1876",
        "alias": "date",
        "meta": "@sys.date",
        "userDefined": false
      }
    ],
    "isTemplate": false,
    "count": 0,
    "updated": 1542471244
  },
  {
    "id": "7dc72240-6098-46d1-9692-3857d2cedc09",
    "data": [
      {
        "text": "Fecha de nacimiento ",
        "userDefined": false
      },
      {
        "text": "24/07/1995",
        "alias": "date",
        "meta": "@sys.date",
        "userDefined": false
      },
      {
        "text": " con ",
        "userDefined": false
      },
      {
        "text": "DNI",
        "alias": "DNI",
        "meta": "@DNI",
        "userDefined": false
      },
      {
        "text": " ",
        "userDefined": false
      },
      {
        "text": "12345678A",
        "alias": "user_id",
        "meta": "@sys.any",
        "userDefined": true
      }
    ],
    "isTemplate": false,
    "count": 0,
    "updated": 1542468426
  },
  {
    "id": "472e8893-09cd-4b36-af15-2899de219999",
    "data": [
      {
        "text": "Mi ",
        "userDefined": false
      },
      {
        "text": "DNI",
        "alias": "DNI",
        "meta": "@DNI",
        "userDefined": false
      },
      {
        "text": " es ",
        "userDefined": false
      },
      {
        "text": "12312345U",
        "alias": "user_id",
        "meta": "@sys.any",
        "userDefined": true
      },
      {
        "text": " y fecha de nacimiento ",
        "userDefined": false
      },
      {
        "text": "1 de enero de 1987",
        "alias": "date",
        "meta": "@sys.date",
        "userDefined": false
      }
    ],
    "isTemplate": false,
    "count": 0,
    "updated": 1542463331
  },
  {
    "id": "ee437bad-c424-4387-bf0c-b3e1ca93a1ad",
    "data": [
      {
        "text": "Naci ",
        "userDefined": false
      },
      {
        "text": "el 23 de marzo de 1943",
        "alias": "date",
        "meta": "@sys.date",
        "userDefined": false
      },
      {
        "text": " con ",
        "userDefined": false
      },
      {
        "text": "DNI",
        "alias": "DNI",
        "meta": "@DNI",
        "userDefined": false
      },
      {
        "text": " ",
        "userDefined": false
      },
      {
        "text": "89898989H",
        "alias": "user_id",
        "meta": "@sys.any",
        "userDefined": true
      }
    ],
    "isTemplate": false,
    "count": 0,
    "updated": 1542463331
  },
  {
    "id": "5b51e389-3506-4431-af41-0b7073b47205",
    "data": [
      {
        "text": "Fecha de nacimiento ",
        "userDefined": false
      },
      {
        "text": "24/07/1995",
        "alias": "date",
        "meta": "@sys.date",
        "userDefined": true
      },
      {
        "text": " y ",
        "userDefined": false
      },
      {
        "text": "DNI",
        "alias": "DNI",
        "meta": "@DNI",
        "userDefined": true
      },
      {
        "text": " ",
        "userDefined": false
      },
      {
        "text": "12345678A",
        "alias": "user_id",
        "meta": "@sys.any",
        "userDefined": true
      }
    ],
    "isTemplate": false,
    "count": 0,
    "updated": 1542462798
  }
]