[
  {
    "id": "469d50a8-9262-4132-90ac-ec82d62a463a",
    "data": [
      {
        "text": "pedir citar",
        "userDefined": false
      }
    ],
    "isTemplate": false,
    "count": 0,
    "updated": 0
  },
  {
    "id": "09492f03-0173-4738-9a2d-8f4fcc5a18e6",
    "data": [
      {
        "text": "Pedir ",
        "userDefined": false
      },
      {
        "text": "una",
        "meta": "@sys.ignore",
        "userDefined": false
      },
      {
        "text": " cita",
        "userDefined": false
      }
    ],
    "isTemplate": false,
    "count": 0,
    "updated": 1542468711
  },
  {
    "id": "fb0c7c07-33d3-4cc0-9d47-4827472f10b3",
    "data": [
      {
        "text": "Quiero ",
        "userDefined": false
      },
      {
        "text": "una",
        "meta": "@sys.ignore",
        "userDefined": false
      },
      {
        "text": " cita",
        "userDefined": false
      }
    ],
    "isTemplate": false,
    "count": 0,
    "updated": 1542468711
  }
]