[
  {
    "id": "fdee4ac5-aa51-42d8-8641-0a6fb7c381c7",
    "data": [
      {
        "text": "Ver mis citas",
        "userDefined": false
      }
    ],
    "isTemplate": false,
    "count": 1,
    "updated": 0
  },
  {
    "id": "898e2550-7a8f-4d8a-ba11-8729f118d48e",
    "data": [
      {
        "text": "Tengo alguna cita",
        "userDefined": false
      }
    ],
    "isTemplate": false,
    "count": 0,
    "updated": 1542461298
  },
  {
    "id": "ea5fa5f1-68f9-4bcb-9ae3-3e7bb0cfba91",
    "data": [
      {
        "text": "Mis proximas citas",
        "userDefined": false
      }
    ],
    "isTemplate": false,
    "count": 0,
    "updated": 1542460551
  },
  {
    "id": "0b0aa16d-003c-4538-afa8-c17b1ed84d6d",
    "data": [
      {
        "text": "Mis citas",
        "userDefined": false
      }
    ],
    "isTemplate": false,
    "count": 0,
    "updated": 1542460551
  },
  {
    "id": "76d019a9-6c67-4325-b06f-467dc18fa724",
    "data": [
      {
        "text": "Que citas tengo",
        "userDefined": false
      }
    ],
    "isTemplate": false,
    "count": 0,
    "updated": 1542460551
  }
]